timestamp,model_name,tensor_parallel_size,cuda_devices,input_len,output_len,num_prompts,requests_per_sec,total_tokens_per_sec,output_tokens_per_sec
2026-01-10_21:50:14,opt-13b,2,default,1024,128,10,3.02,3479.07,386.56
2026-01-10_21:51:26,opt-13b,4,default,1024,128,10,1.97,2268.48,252.05
2026-01-10_21:52:34,opt-13b,2,12,1024,128,10,2.75,3173.74,352.64
2026-01-10_21:54:33,opt-30b,2,default,1024,128,10,1.77,2039.71,226.63
2026-01-10_21:56:20,opt-30b,4,default,1024,128,10,1.11,1278.78,142.09
2026-01-10_21:58:16,opt-30b,2,12,1024,128,10,1.61,1859.32,206.59
2026-01-10_22:01:55,opt-66b,2,default,1024,128,10,0.59,683.70,75.97
2026-01-10_22:04:59,opt-66b,4,default,1024,128,10,0.93,1074.81,119.42
2026-01-10_22:08:38,opt-66b,2,12,1024,128,10,0.56,650.52,72.28
