timestamp,model_name,tensor_parallel_size,cuda_devices,input_len,output_len,num_prompts,requests_per_sec,total_tokens_per_sec,output_tokens_per_sec,ttft_ms,tpot_ms
2026-01-14_03:22:07,opt-13b,2,default,1024,128,10,0.3855,444.06,49.34,27.24,20.21
2026-01-14_03:23:20,opt-13b,4,default,1024,128,10,0.3498,402.97,44.77,28.77,22.28
2026-01-14_03:24:28,opt-13b,2,"1,2",1024,128,10,0.3861,444.80,49.42,26.84,20.18
2026-01-14_03:26:27,opt-30b,2,default,1024,128,10,0.2990,344.40,38.27,32.83,26.08
2026-01-14_03:28:16,opt-30b,4,default,1024,128,10,0.3000,345.64,38.40,33.57,25.98
2026-01-14_03:30:13,opt-30b,2,"1,2",1024,128,10,0.2975,342.68,38.08,30.55,26.23
2026-01-14_03:34:02,opt-66b,2,default,1024,128,10,0.1571,180.95,20.11,56.97,49.68
2026-01-14_03:37:08,opt-66b,4,default,1024,128,10,0.2230,256.93,28.55,40.81,34.98
2026-01-14_03:40:57,opt-66b,2,"1,2",1024,128,10,0.1573,181.21,20.13,57.34,49.61
